brand_key,brand_name,classification,country_of_origin,notes,confirmed,suggested_by,first_seen_run,updated_at
aveeno,Aveeno,Global,,,false,seed:global,2026-09-09T2105Z,2026-09-10T00:43:50+00:00
bathbodyworks,Bath & Body Works,Global,,,false,seed:global,2026-09-09T2105Z,2026-09-10T00:43:50+00:00
biooil,Bio-Oil,Global,,,false,seed:global,2026-09-09T2105Z,2026-09-10T00:43:50+00:00
bioderma,Bioderma,Global,,,false,seed:global,2026-09-09T2105Z,2026-09-10T00:43:50+00:00
cerave,CeraVe,Global,,,false,seed:global,2026-09-09T2105Z,2026-09-10T00:43:50+00:00
cetaphil,Cetaphil,Global,,,false,seed:global,2026-09-09T2105Z,2026-09-10T00:43:50+00:00
cleanclear,Clean & Clear,Global,,,false,seed:global,2026-09-09T2105Z,2026-09-10T00:43:50+00:00
dove,Dove,Global,,,false,seed:global,2026-09-09T2105Z,2026-09-10T00:43:50+00:00
embryolisse,Embryolisse,Global,,,false,seed:global,2026-09-09T2105Z,2026-09-10T00:43:50+00:00
eucerin,Eucerin,Global,,,false,seed:global,2026-09-09T2105Z,2026-09-10T00:43:50+00:00
garnier,Garnier,Global,,,false,seed:global,2026-09-09T2105Z,2026-09-10T00:43:50+00:00
garniermen,Garnier Men,Global,,,false,seed:global,2026-09-09T2105Z,2026-09-10T00:43:50+00:00
garnierskinnaturals,Garnier Skin Naturals,Global,,,false,seed:global,2026-09-09T2105Z,2026-09-10T00:43:50+00:00
himalaya,Himalaya,Global,,,false,seed:global,2026-09-09T2105Z,2026-09-10T00:43:50+00:00
kiehls,Kiehls,Global,,,false,seed:global,2026-09-09T2105Z,2026-09-10T00:43:50+00:00
lorealparis,L'Oreal Paris,Global,,,false,seed:global,2026-09-09T2105Z,2026-09-10T00:43:50+00:00
maybellinenewyork,Maybelline New York,Global,,,false,seed:global,2026-09-09T2044Z,2026-09-09T20:44:39+00:00
milani,Milani,Global,,,false,seed:global,2026-09-09T2105Z,2026-09-10T00:43:50+00:00
neutrogena,Neutrogena,Global,,,false,seed:global,2026-09-09T2044Z,2026-09-09T20:44:39+00:00
nivea,Nivea,Global,,,false,seed:global,2026-09-09T2105Z,2026-09-10T00:43:50+00:00
niveamen,Nivea Men,Global,,,false,seed:global,2026-09-09T2105Z,2026-09-10T00:43:50+00:00
olay,Olay,Global,,,false,seed:global,2026-09-09T2105Z,2026-09-10T00:43:50+00:00
paulaschoice,Paula's Choice,Global,,,false,seed:global,2026-09-09T2105Z,2026-09-10T00:43:50+00:00
ponds,Pond's,Global,,,false,seed:global,2026-09-09T2105Z,2026-09-10T00:43:50+00:00
revlon,Revlon,Global,,,false,seed:global,2026-09-09T2105Z,2026-09-10T00:43:50+00:00
sebamed,Sebamed,Global,,,false,seed:global,2026-09-09T2105Z,2026-09-10T00:43:50+00:00
simple,Simple,Global,,,false,seed:global,2026-09-09T2105Z,2026-09-10T00:43:50+00:00
thebodyshop,The Body Shop,Global,,,false,seed:global,2026-09-09T2105Z,2026-09-10T00:43:50+00:00
vaseline,Vaseline,Global,,,false,seed:global,2026-09-09T2044Z,2026-09-09T20:44:39+00:00
venusia,Venusia,Global,,,false,seed:global,2026-09-09T2105Z,2026-09-10T00:43:50+00:00
anua,Anua,Korean,,,false,seed:korean,2026-09-09T2105Z,2026-09-10T00:43:50+00:00
axisy,Axis-Y,Korean,,,false,seed:korean,2026-09-09T2105Z,2026-09-10T00:43:50+00:00
beautyofjoseon,Beauty of Joseon,Korean,,,false,seed:korean,2026-09-09T2044Z,2026-09-09T20:44:39+00:00
biodance,Biodance,Korean,,,false,seed:korean,2026-09-09T2105Z,2026-09-10T00:43:50+00:00
cosrx,COSRX,Korean,,,false,seed:korean,2026-09-09T2105Z,2026-09-10T00:43:50+00:00
etude,Etude,Korean,South Korea,competitor,true,seed:focus,2026-09-09T2044Z,2026-09-09T20:44:39+00:00
etudehouse,Etude House,Korean,South Korea,competitor,true,seed:focus,,2026-09-09T20:44:39+00:00
imfrom,I'm From,Korean,,,false,seed:korean,2026-09-09T2105Z,2026-09-10T00:43:50+00:00
innisfree,Innisfree,Korean,South Korea,focus brand,true,seed:focus,2026-09-09T2105Z,2026-09-09T20:44:39+00:00
klairs,Klairs,Korean,,,false,seed:korean,2026-09-09T2105Z,2026-09-10T10:05:05+00:00
laneige,Laneige,Korean,South Korea,competitor,true,seed:focus,2026-09-09T2105Z,2026-09-09T20:44:39+00:00
medicube,Medicube,Korean,,,false,seed:korean,2026-09-09T2105Z,2026-09-10T00:43:50+00:00
skin1004,Skin1004,Korean,,,false,seed:korean,2026-09-09T2105Z,2026-09-10T00:43:50+00:00
skinfood,Skinfood,Korean,,,false,seed:korean,2026-09-09T2105Z,2026-09-10T00:43:50+00:00
thefaceshop,The Face Shop,Korean,South Korea,competitor,true,seed:focus,2026-09-09T2105Z,2026-09-09T20:44:39+00:00
tirtir,Tirtir,Korean,,,false,seed:korean,2026-09-09T2105Z,2026-09-10T00:43:50+00:00
tonymoly,Tonymoly,Korean,,,false,seed:korean,2026-09-09T2105Z,2026-09-10T00:43:50+00:00
aqualogica,Aqualogica,Local,,,false,seed:local,2026-09-09T2044Z,2026-09-09T20:44:39+00:00
aromamagic,Aroma Magic,Local,,,false,seed:local,2026-09-09T2105Z,2026-09-10T00:43:50+00:00
ayumcure,Ayumcure,Local,,,false,seed:local,2026-09-09T2105Z,2026-09-10T00:43:50+00:00
bebodywise,Be Bodywise,Local,,,false,seed:local,2026-09-09T2105Z,2026-09-10T00:43:50+00:00
beardo,Beardo,Local,,,false,seed:local,2026-09-09T2105Z,2026-09-10T00:43:50+00:00
bellavita,Bella Vita,Local,,,false,seed:local,2026-09-09T2105Z,2026-09-10T00:43:50+00:00
bellavitaorganic,Bella Vita Organic,Local,,,false,seed:local,2026-09-09T2105Z,2026-09-10T00:43:50+00:00
biotique,Biotique,Local,,,false,seed:local,2026-09-09T2105Z,2026-09-10T00:43:50+00:00
biotiquenaturalmakeup,Biotique Natural Makeup,Local,,,false,seed:local,2026-09-09T2105Z,2026-09-10T00:43:50+00:00
blueheaven,Blue Heaven,Local,,,false,seed:local,2026-09-09T2044Z,2026-09-09T20:44:39+00:00
boroplus,Boroplus,Local,,,false,seed:local,2026-09-09T2105Z,2026-09-10T00:43:50+00:00
charmis,Charmis,Local,,,false,seed:local,2026-09-09T2105Z,2026-09-10T00:43:50+00:00
chemistatplay,Chemist At Play,Local,,,false,seed:local,2026-09-09T2105Z,2026-09-10T00:43:50+00:00
colorbar,Colorbar,Local,,,false,seed:local,2026-09-09T2105Z,2026-09-10T00:43:50+00:00
coloressence,Coloressence,Local,,,false,seed:local,2026-09-09T2105Z,2026-09-10T10:05:05+00:00
consciouschemist,Conscious Chemist,Local,,,false,seed:local,2026-09-09T2105Z,2026-09-10T00:43:50+00:00
dabur,Dabur,Local,,,false,seed:local,2026-09-09T2105Z,2026-09-10T00:43:50+00:00
deconstruct,Deconstruct,Local,,,false,seed:local,2026-09-09T2044Z,2026-09-09T20:44:39+00:00
dermafique,Dermafique,Local,,,false,seed:local,2026-09-09T2105Z,2026-09-10T10:05:05+00:00
dotkey,Dot & Key,Local,,,false,seed:local,2026-09-09T2044Z,2026-09-09T20:44:39+00:00
drsheths,Dr. Sheth's,Local,,,false,seed:local,2026-09-09T2044Z,2026-09-09T20:44:39+00:00
earthrhythm,Earth Rhythm,Local,,,false,seed:local,2026-09-09T2044Z,2026-09-09T20:44:39+00:00
elle18,Elle 18,Local,,,false,seed:local,2026-09-09T2044Z,2026-09-09T20:44:39+00:00
facescanada,Faces Canada,Local,,,false,seed:local,2026-09-09T2044Z,2026-09-09T20:44:39+00:00
fixderma,Fixderma,Local,,,false,seed:local,2026-09-09T2044Z,2026-09-09T20:44:39+00:00
forestessentials,Forest Essentials,Local,,,false,seed:local,2026-09-09T2105Z,2026-09-10T00:43:50+00:00
foxtale,Foxtale,Local,,,false,seed:local,2026-09-09T2044Z,2026-09-09T20:44:39+00:00
glowlovely,Glow & Lovely,Local,,,false,seed:local,2026-09-09T2105Z,2026-09-10T00:43:50+00:00
hyphen,Hyphen,Local,,,false,seed:local,2026-09-09T2044Z,2026-09-09T20:44:39+00:00
insightcosmetics,Insight Cosmetics,Local,,,false,seed:local,2026-09-09T2044Z,2026-09-09T20:44:39+00:00
jovees,Jovees,Local,,,false,seed:local,2026-09-09T2105Z,2026-09-10T10:05:05+00:00
joveesherbal,Jovees Herbal,Local,,,false,seed:local,2026-09-09T2105Z,2026-09-10T00:43:50+00:00
joy,Joy,Local,,,false,seed:local,2026-09-09T2105Z,2026-09-10T00:43:50+00:00
justherbs,Just Herbs,Local,,,false,seed:local,2026-09-09T2105Z,2026-09-10T00:43:50+00:00
kamaayurveda,Kama Ayurveda,Local,,,false,seed:local,2026-09-09T2105Z,2026-09-10T00:43:50+00:00
khadiessentials,Khadi Essentials,Local,,,false,seed:local,2026-09-09T2105Z,2026-09-10T00:43:50+00:00
khadinatural,Khadi Natural,Local,,,false,seed:local,2026-09-09T2105Z,2026-09-10T00:43:50+00:00
khadiomorose,Khadi Omorose,Local,,,false,seed:local,2026-09-09T2105Z,2026-09-10T10:05:05+00:00
kimirica,Kimirica,Local,,,false,seed:local,2026-09-09T2105Z,2026-09-10T00:43:50+00:00
lakme,Lakme,Local,,,false,seed:local,2026-09-09T2044Z,2026-09-09T20:44:39+00:00
lakme9to5,Lakme 9To5,Local,,,false,seed:local,2026-09-09T2105Z,2026-09-10T00:43:50+00:00
lakmeabsolute,Lakme Absolute,Local,,,false,seed:local,2026-09-09T2105Z,2026-09-10T00:43:50+00:00
lakmeblushglow,Lakme Blush & Glow,Local,,,false,seed:local,2026-09-09T2105Z,2026-09-10T00:43:50+00:00
lotusherbals,Lotus Herbals,Local,,,false,seed:local,2026-09-09T2105Z,2026-09-10T00:43:50+00:00
lotusmakeup,Lotus Make-up,Local,,,false,seed:local,2026-09-09T2105Z,2026-09-10T00:43:50+00:00
lovechildmasaba,LoveChild Masaba,Local,,,false,seed:local,2026-09-09T2044Z,2026-09-09T20:44:39+00:00
mamaearth,Mamaearth,Local,,,false,seed:local,2026-09-09T2044Z,2026-09-09T20:44:39+00:00
mantra,Mantra,Local,,,false,seed:local,2026-09-09T2105Z,2026-09-10T00:43:50+00:00
mars,Mars,Local,,,false,seed:local,2026-09-09T2105Z,2026-09-10T10:05:05+00:00
marscosmetics,MARS Cosmetics,Local,,,false,seed:local,2026-09-09T2044Z,2026-09-09T20:44:39+00:00
mcaffeine,MCaffeine,Local,,,false,seed:local,2026-09-09T2105Z,2026-09-10T00:43:50+00:00
medimix,Medimix,Local,,,false,seed:local,2026-09-09T2105Z,2026-09-10T00:43:50+00:00
minimalist,Minimalist,Local,,,false,seed:local,2026-09-09T2044Z,2026-09-09T20:44:39+00:00
nourishmantra,Nourish Mantra,Local,,,false,seed:local,2026-09-09T2105Z,2026-09-10T00:43:50+00:00
o3,O3+,Local,,,false,seed:local,2026-09-09T2105Z,2026-09-10T00:43:50+00:00
organixmantra,Organix Mantra,Local,,,false,seed:local,2026-09-09T2105Z,2026-09-10T00:43:50+00:00
parachuteadvansed,Parachute Advansed,Local,,,false,seed:local,2026-09-09T2105Z,2026-09-10T00:43:50+00:00
patanjali,Patanjali,Local,,,false,seed:local,2026-09-09T2105Z,2026-09-10T00:43:50+00:00
pilgrim,Pilgrim,Local,,,false,seed:local,2026-09-09T2105Z,2026-09-10T00:43:50+00:00
plum,Plum,Local,,,false,seed:local,2026-09-09T2044Z,2026-09-09T20:44:39+00:00
reequil,Re' Equil,Local,,,false,seed:local,2026-09-09T2044Z,2026-09-09T20:44:39+00:00
renee,RENEE,Local,,,false,seed:local,2026-09-09T2044Z,2026-09-09T20:44:39+00:00
sanfe,Sanfe,Local,,,false,seed:local,2026-09-09T2105Z,2026-09-10T00:43:50+00:00
shahnazhusain,Shahnaz Husain,Local,,,false,seed:local,2026-09-09T2105Z,2026-09-10T00:43:50+00:00
soulflower,Soulflower,Local,,,false,seed:local,2026-09-09T2105Z,2026-09-10T00:43:50+00:00
spinz,Spinz,Local,,,false,seed:local,2026-09-09T2105Z,2026-09-10T00:43:50+00:00
sugar,Sugar,Local,,,false,seed:local,2026-09-09T2105Z,2026-09-10T00:43:50+00:00
sugarpop,Sugar Pop,Local,,,false,seed:local,2026-09-09T2105Z,2026-09-10T00:43:50+00:00
sunscoop,SunScoop,Local,,,false,seed:local,2026-09-09T2044Z,2026-09-09T20:44:39+00:00
swissbeauty,Swiss Beauty,Local,,,false,seed:local,2026-09-09T2044Z,2026-09-09T20:44:39+00:00
thedermaco,The Derma Co,Local,,,false,seed:local,2026-09-09T2044Z,2026-09-09T20:44:39+00:00
themomsco,The Moms Co.,Local,,,false,seed:local,2026-09-09T2105Z,2026-09-10T00:43:50+00:00
typsybeauty,Typsy Beauty,Local,,,false,seed:local,2026-09-09T2105Z,2026-09-10T00:43:50+00:00
urbanyog,Urban Yog,Local,,,false,seed:local,2026-09-09T2105Z,2026-09-10T00:43:50+00:00
ustraa,Ustraa,Local,,,false,seed:local,2026-09-09T2105Z,2026-09-10T00:43:50+00:00
vicco,Vicco,Local,,,false,seed:local,2026-09-09T2105Z,2026-09-10T00:43:50+00:00
vilvahstore,Vilvah Store,Local,,,false,seed:local,2026-09-09T2105Z,2026-09-10T00:43:50+00:00
vlcc,VLCC,Local,,,false,seed:local,2026-09-09T2105Z,2026-09-10T00:43:50+00:00
wowskinscience,Wow Skin Science,Local,,,false,seed:local,2026-09-09T2105Z,2026-09-10T00:43:50+00:00
yardley,Yardley,Local,,,false,seed:local,2026-09-09T2105Z,2026-09-10T00:43:50+00:00
4mation,4Mation,Unclassified,,,false,none,2026-09-09T2105Z,2026-09-10T00:43:50+00:00
52sundaze,52 Sundaze,Unclassified,,,false,none,2026-09-09T2044Z,2026-09-09T20:44:39+00:00
7pureskin,7Pure Skin,Unclassified,,,false,none,2026-09-09T2105Z,2026-09-10T00:43:50+00:00
9skin,9SKIN,Unclassified,,,false,none,2026-09-09T2105Z,2026-09-10T10:05:05+00:00
aprofessionalrange,A+ Professional Range,Unclassified,,,false,none,2026-09-09T2105Z,2026-09-10T00:43:50+00:00
aalphul,Aalphul,Unclassified,,,false,none,2026-09-09T2105Z,2026-09-10T00:43:50+00:00
abeers,Abeers,Unclassified,,,false,none,2026-09-09T2105Z,2026-09-10T00:43:50+00:00
above40,Above 40,Unclassified,,,false,none,2026-09-09T2105Z,2026-09-10T10:05:05+00:00
acmed,Acmed,Unclassified,,,false,none,2026-09-09T2105Z,2026-09-10T00:43:50+00:00
acmist,AcMist,Unclassified,,,false,none,2026-09-09T2105Z,2026-09-10T00:43:50+00:00
adhyay,Adhyay,Unclassified,,,false,none,2026-09-09T2105Z,2026-09-10T00:43:50+00:00
adonis,Adonis,Unclassified,,,false,none,2026-09-09T2105Z,2026-09-10T00:43:50+00:00
adtala,Adtala,Unclassified,,,false,none,2026-09-09T2105Z,2026-09-10T00:43:50+00:00
adulthood,Adulthood,Unclassified,,,false,none,2026-09-09T2105Z,2026-09-10T00:43:50+00:00
aegte,Aegte,Unclassified,,,false,none,2026-09-09T2105Z,2026-09-10T00:43:50+00:00
ahaglow,Ahaglow,Unclassified,,,false,none,2026-09-09T2105Z,2026-09-10T00:43:50+00:00
aiyuherbals,Aiyu Herbals,Unclassified,,,false,none,2026-09-09T2105Z,2026-09-10T00:43:50+00:00
alpsgoodness,Alps Goodness,Unclassified,,,false,none,2026-09-09T2105Z,2026-09-10T00:43:50+00:00
an45,AN45,Unclassified,,,false,none,2026-09-09T2105Z,2026-09-10T00:43:50+00:00
antinorm,Antinorm,Unclassified,,,false,none,2026-09-09T2105Z,2026-09-10T00:43:50+00:00
antson,Antson,Unclassified,,,false,none,2026-09-09T2105Z,2026-09-10T00:43:50+00:00
aqueria,Aqueria,Unclassified,,,false,none,2026-09-09T2105Z,2026-09-10T00:43:50+00:00
araviorganic,Aravi Organic,Unclassified,,,false,none,2026-09-09T2105Z,2026-09-10T10:05:05+00:00
arishbionatural,Arish Bio-Natural,Unclassified,,,false,none,2026-09-09T2105Z,2026-09-10T10:05:05+00:00
arkcollectives,Ark Collectives,Unclassified,,,false,none,2026-09-09T2105Z,2026-09-10T00:43:50+00:00
asaya,Asaya,Unclassified,,,false,none,2026-09-09T2105Z,2026-09-10T00:43:50+00:00
ashpveda,Ashpveda,Unclassified,,,false,none,2026-09-09T2105Z,2026-09-10T00:43:50+00:00
atarstory,Atarstory,Unclassified,,,false,none,2026-09-09T2105Z,2026-09-10T00:43:50+00:00
atrimed,Atrimed,Unclassified,,,false,none,2026-09-09T2105Z,2026-09-10T00:43:50+00:00
attarayurveda,Attar Ayurveda,Unclassified,,,false,none,2026-09-09T2105Z,2026-09-10T00:43:50+00:00
aulilifestyle,Auli Lifestyle,Unclassified,,,false,none,2026-09-09T2105Z,2026-09-10T10:05:05+00:00
aurey,Aurey,Unclassified,,,false,none,2026-09-09T2105Z,2026-09-10T00:43:50+00:00
auricbeauty,Auric Beauty,Unclassified,,,false,none,2026-09-09T2105Z,2026-09-10T00:43:50+00:00
aurrelis,Aurrelis,Unclassified,,,false,none,2026-09-09T2105Z,2026-09-10T00:43:50+00:00
avabritten,Avabritten,Unclassified,,,false,none,2026-09-09T2105Z,2026-09-10T00:43:50+00:00
aviitum,Aviitum,Unclassified,,,false,none,2026-09-09T2105Z,2026-09-10T00:43:50+00:00
avivabeauty,Aviva Beauty,Unclassified,,,false,none,2026-09-09T2105Z,2026-09-10T00:43:50+00:00
axlon,Axlon,Unclassified,,,false,none,2026-09-09T2105Z,2026-09-10T10:05:05+00:00
ayouthveda,Ayouthveda,Unclassified,,,false,none,2026-09-09T2105Z,2026-09-10T00:43:50+00:00
ayuvya,Ayuvya,Unclassified,,,false,none,2026-09-09T2105Z,2026-09-10T00:43:50+00:00
azah,Azah,Unclassified,,,false,none,2026-09-09T2105Z,2026-09-10T00:43:50+00:00
babybeauty,Baby Beauty,Unclassified,,,false,none,2026-09-09T2105Z,2026-09-10T00:43:50+00:00
babydove,Baby Dove,Unclassified,,,false,none,2026-09-09T2105Z,2026-09-10T00:43:50+00:00
bake,Bake,Unclassified,,,false,none,2026-09-09T2105Z,2026-09-10T00:43:50+00:00
banjaras,Banjara's,Unclassified,,,false,none,2026-09-09T2105Z,2026-09-10T00:43:50+00:00
bareglow,Bare Glow,Unclassified,,,false,none,2026-09-09T2105Z,2026-09-10T00:43:50+00:00
barepeel,Bare Peel,Unclassified,,,false,none,2026-09-09T2105Z,2026-09-10T00:43:50+00:00
baredbeauty,Bared Beauty,Unclassified,,,false,none,2026-09-09T2105Z,2026-09-10T00:43:50+00:00
basicessentials,Basic Essentials,Unclassified,,,false,none,2026-09-09T2105Z,2026-09-10T10:05:05+00:00
battlecry,Battle Cry,Unclassified,,,false,none,2026-09-09T2105Z,2026-09-10T00:43:50+00:00
bbold,Bbold,Unclassified,,,false,none,2026-09-09T2105Z,2026-09-10T00:43:50+00:00
beneude,Be Neude,Unclassified,,,false,none,2026-09-09T2105Z,2026-09-10T00:43:50+00:00
beardhood,Beardhood,Unclassified,,,false,none,2026-09-09T2105Z,2026-09-10T00:43:50+00:00
beautypeople,Beauty People,Unclassified,,,false,none,2026-09-09T2105Z,2026-09-10T00:43:50+00:00
beautsecrets,Beauté Secrets,Unclassified,,,false,none,2026-09-09T2105Z,2026-09-10T00:43:50+00:00
becalm,Becalm,Unclassified,,,false,none,2026-09-09T2105Z,2026-09-10T00:43:50+00:00
beebeauty,Bee & Beauty,Unclassified,,,false,none,2026-09-09T2105Z,2026-09-10T00:43:50+00:00
bellalocks,BellaLocks,Unclassified,,,false,none,2026-09-09T2105Z,2026-09-10T00:43:50+00:00
benzac,Benzac,Unclassified,,,false,none,2026-09-09T2105Z,2026-09-10T00:43:50+00:00
beotkkot,Beotkkot,Unclassified,,,false,none,2026-09-09T2105Z,2026-09-10T00:43:50+00:00
berlynco,Berlynco,Unclassified,,,false,none,2026-09-09T2105Z,2026-09-10T00:43:50+00:00
bestum,Bestum,Unclassified,,,false,none,2026-09-09T2105Z,2026-09-10T00:43:50+00:00
betterhood,Betterhood,Unclassified,,,false,none,2026-09-09T2105Z,2026-09-10T10:05:05+00:00
beyondrice,Beyond Rice,Unclassified,,,false,none,2026-09-09T2105Z,2026-09-10T00:43:50+00:00
bie,BiE,Unclassified,,,false,none,2026-09-09T2105Z,2026-09-10T00:43:50+00:00
billiondollarclub,Billion Dollar Club,Unclassified,,,false,none,2026-09-09T2105Z,2026-09-10T00:43:50+00:00
biluma,Biluma,Unclassified,,,false,none,2026-09-09T2105Z,2026-09-10T00:43:50+00:00
biocode,Bio Code,Unclassified,,,false,none,2026-09-09T2105Z,2026-09-10T00:43:50+00:00
bioline,Bioline,Unclassified,,,false,none,2026-09-09T2105Z,2026-09-10T00:43:50+00:00
birkz,Birkz,Unclassified,,,false,none,2026-09-09T2105Z,2026-09-10T00:43:50+00:00
birthdaypopper,Birthday Popper,Unclassified,,,false,none,2026-09-09T2105Z,2026-09-10T00:43:50+00:00
bitamin,Bitamin,Unclassified,,,false,none,2026-09-09T2105Z,2026-09-10T00:43:50+00:00
bluenectar,Blue Nectar,Unclassified,,,false,none,2026-09-09T2105Z,2026-09-10T00:43:50+00:00
blurindia,Blur India,Unclassified,,,false,none,2026-09-09T2105Z,2026-09-10T00:43:50+00:00
blushkar,Blushkar,Unclassified,,,false,none,2026-09-09T2105Z,2026-09-10T00:43:50+00:00
bobi,BOBI,Unclassified,,,false,none,2026-09-09T2105Z,2026-09-10T00:43:50+00:00
boldman,Bold Man,Unclassified,,,false,none,2026-09-09T2105Z,2026-09-10T00:43:50+00:00
bombeaut,Bombeaut,Unclassified,,,false,none,2026-09-09T2105Z,2026-09-10T00:43:50+00:00
borce,Borce,Unclassified,,,false,none,2026-09-09T2105Z,2026-09-10T00:43:50+00:00
botanicalbeauty,Botanical Beauty,Unclassified,,,false,none,2026-09-09T2105Z,2026-09-10T00:43:50+00:00
brintonuvdoux,Brinton UV Doux,Unclassified,,,false,none,2026-09-09T2044Z,2026-09-09T20:44:39+00:00
bronsonprofessional,Bronson Professional,Unclassified,,,false,none,2026-09-09T2105Z,2026-09-10T10:05:05+00:00
bunsak,Bunsak,Unclassified,,,false,none,2026-09-09T2105Z,2026-09-10T00:43:50+00:00
buttr,Buttr,Unclassified,,,false,none,2026-09-09T2105Z,2026-09-10T00:43:50+00:00
callosangeles,CAL Losangeles,Unclassified,,,false,none,2026-09-09T2105Z,2026-09-10T00:43:50+00:00
californiaskin,California Skin+,Unclassified,,,false,none,2026-09-09T2105Z,2026-09-10T00:43:50+00:00
callidus,Callidus,Unclassified,,,false,none,2026-09-09T2105Z,2026-09-10T00:43:50+00:00
calmirize,Calmirize,Unclassified,,,false,none,2026-09-09T2105Z,2026-09-10T10:05:05+00:00
carltonlondon,Carlton London,Unclassified,,,false,none,2026-09-09T2105Z,2026-09-10T00:43:50+00:00
carryitout,Carryitout,Unclassified,,,false,none,2026-09-09T2105Z,2026-09-10T00:43:50+00:00
cerrito,Cerrito,Unclassified,,,false,none,2026-09-09T2105Z,2026-09-10T00:43:50+00:00
challet,Challet,Unclassified,,,false,none,2026-09-09T2105Z,2026-09-10T00:43:50+00:00
charwee,Charwee,Unclassified,,,false,none,2026-09-09T2105Z,2026-09-10T00:43:50+00:00
chelsy,Chelsy,Unclassified,,,false,none,2026-09-09T2105Z,2026-09-10T00:43:50+00:00
cincinnus,Cincinnus,Unclassified,,,false,none,2026-09-09T2105Z,2026-09-10T00:43:50+00:00
clayco,ClayCo.,Unclassified,,,false,none,2026-09-09T2105Z,2026-09-10T00:43:50+00:00
clensta,Clensta,Unclassified,,,false,none,2026-09-09T2105Z,2026-09-10T00:43:50+00:00
cocowalk,Co.Co.Walk,Unclassified,,,false,none,2026-09-09T2105Z,2026-09-10T00:43:50+00:00
cococrush,Coco Crush,Unclassified,,,false,none,2026-09-09T2105Z,2026-09-10T00:43:50+00:00
colorfx,Color fx,Unclassified,,,false,none,2026-09-09T2105Z,2026-09-10T10:05:05+00:00
colorsqueen,Colors Queen,Unclassified,,,false,none,2026-09-09T2105Z,2026-09-10T00:43:50+00:00
communal,Communal,Unclassified,,,false,none,2026-09-09T2105Z,2026-09-10T00:43:50+00:00
cosderma,Cosderma,Unclassified,,,false,none,2026-09-09T2105Z,2026-09-10T00:43:50+00:00
cosiq,CosIQ,Unclassified,,,false,none,2026-09-09T2105Z,2026-09-10T00:43:50+00:00
cpensus,Cpensus,Unclassified,,,false,none,2026-09-09T2105Z,2026-09-10T00:43:50+00:00
cureskin,Cureskin,Unclassified,,,false,none,2026-09-09T2105Z,2026-09-10T10:05:05+00:00
dalba,d'Alba,Unclassified,,,false,none,2026-09-09T2105Z,2026-09-10T00:43:50+00:00
dyou,D'you,Unclassified,,,false,none,2026-09-09T2105Z,2026-09-10T00:43:50+00:00
dabdew,Dab & Dew,Unclassified,,,false,none,2026-09-09T2105Z,2026-09-10T00:43:50+00:00
dailylifeforever52,Daily life FOREVER52,Unclassified,,,false,none,2026-09-09T2105Z,2026-09-10T00:43:50+00:00
dazller,Dazller,Unclassified,,,false,none,2026-09-09T2105Z,2026-09-10T10:05:05+00:00
dedox,DEDOX,Unclassified,,,false,none,2026-09-09T2105Z,2026-09-10T00:43:50+00:00
dejayou,Deja You,Unclassified,,,false,none,2026-09-09T2105Z,2026-09-10T00:43:50+00:00
dermease,Derm Ease,Unclassified,,,false,none,2026-09-09T2105Z,2026-09-10T00:43:50+00:00
dermabay,Dermabay,Unclassified,,,false,none,2026-09-09T2105Z,2026-09-10T00:43:50+00:00
dermatouch,Dermatouch,Unclassified,,,false,none,2026-09-09T2105Z,2026-09-10T00:43:50+00:00
dermdoc,Dermdoc,Unclassified,,,false,none,2026-09-09T2105Z,2026-09-10T00:43:50+00:00
deyga,Deyga,Unclassified,,,false,none,2026-09-09T2105Z,2026-09-10T00:43:50+00:00
dharmanisinternational,Dharmanis International,Unclassified,,,false,none,2026-09-09T2105Z,2026-09-10T00:43:50+00:00
dharohar,Dharohar,Unclassified,,,false,none,2026-09-09T2105Z,2026-09-10T00:43:50+00:00
dhc,DHC,Unclassified,,,false,none,2026-09-09T2105Z,2026-09-10T00:43:50+00:00
diamond,Diamond,Unclassified,,,false,none,2026-09-09T2105Z,2026-09-10T00:43:50+00:00
doksurikorea,Doksuri Korea,Unclassified,,,false,none,2026-09-09T2105Z,2026-09-10T10:05:05+00:00
dosch,Dosch,Unclassified,,,false,none,2026-09-09T2105Z,2026-09-10T00:43:50+00:00
drdermicco,Dr Dermic Co,Unclassified,,,false,none,2026-09-09T2105Z,2026-09-10T00:43:50+00:00
drrashel,Dr.Rashel,Unclassified,,,false,none,2026-09-09T2044Z,2026-09-09T20:44:39+00:00
dreambeauty,Dream Beauty,Unclassified,,,false,none,2026-09-09T2105Z,2026-09-10T00:43:50+00:00
drfoot,DrFoot,Unclassified,,,false,none,2026-09-09T2105Z,2026-09-10T00:43:50+00:00
drveda,DrVeda,Unclassified,,,false,none,2026-09-09T2105Z,2026-09-10T00:43:50+00:00
dsavorywellness,Dsavory Wellness,Unclassified,,,false,none,2026-09-09T2105Z,2026-09-10T00:43:50+00:00
duotronix,Duotronix,Unclassified,,,false,none,2026-09-09T2105Z,2026-09-10T00:43:50+00:00
earthenstory,Earthen Story,Unclassified,,,false,none,2026-09-09T2105Z,2026-09-10T00:43:50+00:00
eclipsesolaire,Eclipse Solaire,Unclassified,,,false,none,2026-09-09T2105Z,2026-09-10T00:43:50+00:00
edel,Edel,Unclassified,,,false,none,2026-09-09T2105Z,2026-09-10T00:43:50+00:00
elanvivre,Elan Vivre,Unclassified,,,false,none,2026-09-09T2105Z,2026-09-10T00:43:50+00:00
elecious,Elecious,Unclassified,,,false,none,2026-09-09T2105Z,2026-09-10T00:43:50+00:00
elemnt,Elemnt,Unclassified,,,false,none,2026-09-09T2105Z,2026-09-10T00:43:50+00:00
emigelluxe,Emigel Luxe,Unclassified,,,false,none,2026-09-09T2105Z,2026-09-10T00:43:50+00:00
emigelprofessional,Emigel Professional,Unclassified,,,false,none,2026-09-09T2105Z,2026-09-10T00:43:50+00:00
enliwish,Enliwish,Unclassified,,,false,none,2026-09-09T2105Z,2026-09-10T00:43:50+00:00
enn,ENN,Unclassified,,,false,none,2026-09-09T2105Z,2026-09-10T00:43:50+00:00
episoft,Episoft,Unclassified,,,false,none,2026-09-09T2105Z,2026-09-10T00:43:50+00:00
ethiglo,Ethiglo,Unclassified,,,false,none,2026-09-09T2105Z,2026-09-10T00:43:50+00:00
everyuth,Everyuth,Unclassified,,,false,none,2026-09-09T2105Z,2026-09-10T00:43:50+00:00
faebeauty,FAE Beauty,Unclassified,,,false,none,2026-09-09T2044Z,2026-09-09T20:44:39+00:00
femisafe,FemiSafe,Unclassified,,,false,none,2026-09-09T2105Z,2026-09-10T00:43:50+00:00
figment,Figment,Unclassified,,,false,none,2026-09-09T2105Z,2026-09-10T10:05:05+00:00
firmer,Firmer,Unclassified,,,false,none,2026-09-09T2105Z,2026-09-10T00:43:50+00:00
flenc,FLENC,Unclassified,,,false,none,2026-09-09T2105Z,2026-09-10T00:43:50+00:00
flicka,Flicka,Unclassified,,,false,none,2026-09-09T2105Z,2026-09-10T00:43:50+00:00
fluentflow,Fluent Flow,Unclassified,,,false,none,2026-09-09T2105Z,2026-09-10T00:43:50+00:00
flyngo,Flyngo,Unclassified,,,false,none,2026-09-09T2105Z,2026-09-10T00:43:50+00:00
forcado,Forcado,Unclassified,,,false,none,2026-09-09T2105Z,2026-09-10T00:43:50+00:00
formulo,Formulo,Unclassified,,,false,none,2026-09-09T2105Z,2026-09-10T10:05:05+00:00
frabia,Frabia,Unclassified,,,false,none,2026-09-09T2105Z,2026-09-10T00:43:50+00:00
freeskin,Freeskin,Unclassified,,,false,none,2026-09-09T2105Z,2026-09-10T00:43:50+00:00
freshluxe,FreshLuxe,Unclassified,,,false,none,2026-09-09T2105Z,2026-09-10T00:43:50+00:00
fromnegative,From Negative,Unclassified,,,false,none,2026-09-09T2105Z,2026-09-10T10:05:05+00:00
frootroot,Froot Root,Unclassified,,,false,none,2026-09-09T2105Z,2026-09-10T00:43:50+00:00
fugeno,Fugeno,Unclassified,,,false,none,2026-09-09T2105Z,2026-09-10T00:43:50+00:00
funobject,Fun Object,Unclassified,,,false,none,2026-09-09T2105Z,2026-09-10T00:43:50+00:00
furr,FURR,Unclassified,,,false,none,2026-09-09T2105Z,2026-09-10T00:43:50+00:00
gabit,Gabit,Unclassified,,,false,none,2026-09-09T2105Z,2026-09-10T00:43:50+00:00
gharsoaps,Ghar Soaps,Unclassified,,,false,none,2026-09-09T2105Z,2026-09-10T00:43:50+00:00
glam21,Glam21,Unclassified,,,false,none,2026-09-09T2105Z,2026-09-10T00:43:50+00:00
glamveda,Glamveda,Unclassified,,,false,none,2026-09-09T2105Z,2026-09-10T00:43:50+00:00
gleora,Gleora,Unclassified,,,false,none,2026-09-09T2105Z,2026-09-10T00:43:50+00:00
gleva,Gleva,Unclassified,,,false,none,2026-09-09T2105Z,2026-09-10T00:43:50+00:00
gloskincare,Glo Skincare,Unclassified,,,false,none,2026-09-09T2105Z,2026-09-10T00:43:50+00:00
glosspops,Glosspops,Unclassified,,,false,none,2026-09-09T2105Z,2026-09-10T00:43:50+00:00
glowcupid,Glow Cupid,Unclassified,,,false,none,2026-09-09T2105Z,2026-09-10T00:43:50+00:00
glowriti,Glowriti,Unclassified,,,false,none,2026-09-09T2105Z,2026-09-10T00:43:50+00:00
glutafine,Glutafine,Unclassified,,,false,none,2026-09-09T2105Z,2026-09-10T00:43:50+00:00
goayurvedadhanvantri,Go Ayurveda Dhanvantri,Unclassified,,,false,none,2026-09-09T2105Z,2026-09-10T00:43:50+00:00
goodcare,Goodcare,Unclassified,,,false,none,2026-09-09T2105Z,2026-09-10T00:43:50+00:00
gubb,GUBB,Unclassified,,,false,none,2026-09-09T2105Z,2026-09-10T00:43:50+00:00
gulori,Gulori,Unclassified,,,false,none,2026-09-09T2105Z,2026-09-10T00:43:50+00:00
gushbeauty,Gush Beauty,Unclassified,,,false,none,2026-09-09T2105Z,2026-09-10T00:43:50+00:00
hamdard,Hamdard,Unclassified,,,false,none,2026-09-09T2105Z,2026-09-10T00:43:50+00:00
happysquirrel,Happy Squirrel,Unclassified,,,false,none,2026-09-09T2105Z,2026-09-10T00:43:50+00:00
havintha,Havintha,Unclassified,,,false,none,2026-09-09T2105Z,2026-09-10T00:43:50+00:00
healthstore,Health Store,Unclassified,,,false,none,2026-09-09T2105Z,2026-09-10T10:05:05+00:00
herbessential,Herb Essential,Unclassified,,,false,none,2026-09-09T2105Z,2026-09-10T00:43:50+00:00
hesthetic,Hesthetic,Unclassified,,,false,none,2026-09-09T2105Z,2026-09-10T00:43:50+00:00
hexaorganic,Hexa Organic,Unclassified,,,false,none,2026-09-09T2105Z,2026-09-10T00:43:50+00:00
hibiscusmonkey,Hibiscus Monkey,Unclassified,,,false,none,2026-09-09T2105Z,2026-09-10T00:43:50+00:00
hilaryrhoda,Hilary Rhoda,Unclassified,,,false,none,2026-09-09T2105Z,2026-09-10T00:43:50+00:00
himsoul,Himsoul,Unclassified,,,false,none,2026-09-09T2105Z,2026-09-10T00:43:50+00:00
hiphop,Hiphop,Unclassified,,,false,none,2026-09-09T2105Z,2026-09-10T00:43:50+00:00
hivado,Hivado,Unclassified,,,false,none,2026-09-09T2105Z,2026-09-10T00:43:50+00:00
hollistia,Hollistia,Unclassified,,,false,none,2026-09-09T2105Z,2026-09-10T10:05:05+00:00
homeda,Homeda,Unclassified,,,false,none,2026-09-09T2105Z,2026-09-10T00:43:50+00:00
houseofbeauty,House Of Beauty,Unclassified,,,false,none,2026-09-09T2105Z,2026-09-10T00:43:50+00:00
humussbeauty,Humuss Beauty,Unclassified,,,false,none,2026-09-09T2105Z,2026-09-10T00:43:50+00:00
hyue,HYUE,Unclassified,,,false,none,2026-09-09T2105Z,2026-09-10T00:43:50+00:00
imahal,I-Mahal,Unclassified,,,false,none,2026-09-09T2105Z,2026-09-10T10:05:05+00:00
ilana,Ilana,Unclassified,,,false,none,2026-09-09T2105Z,2026-09-10T10:05:05+00:00
ilena,ILENA,Unclassified,,,false,none,2026-09-09T2105Z,2026-09-10T00:43:50+00:00
imfresh,Imfresh,Unclassified,,,false,none,2026-09-09T2105Z,2026-09-10T00:43:50+00:00
immaculate,Immaculate,Unclassified,,,false,none,2026-09-09T2105Z,2026-09-10T00:43:50+00:00
inatur,Inatur,Unclassified,,,false,none,2026-09-09T2105Z,2026-09-10T00:43:50+00:00
indewild,Inde Wild,Unclassified,,,false,none,2026-09-09T2105Z,2026-09-10T00:43:50+00:00
indiansecrets,Indian Secrets,Unclassified,,,false,none,2026-09-09T2105Z,2026-09-10T00:43:50+00:00
indulgeoessentials,Indulgeo Essentials,Unclassified,,,false,none,2026-09-09T2105Z,2026-09-10T00:43:50+00:00
indusvalley,Indus Valley,Unclassified,,,false,none,2026-09-09T2105Z,2026-09-10T00:43:50+00:00
iriscosmetics,IRIS Cosmetics,Unclassified,,,false,none,2026-09-09T2105Z,2026-09-10T00:43:50+00:00
jaqulineusa,Jaquline USA,Unclassified,,,false,none,2026-09-09T2105Z,2026-09-10T00:43:50+00:00
kderma,K Derma,Unclassified,,,false,none,2026-09-09T2105Z,2026-09-10T00:43:50+00:00
kallisto,Kallisto,Unclassified,,,false,none,2026-09-09T2105Z,2026-09-10T00:43:50+00:00
kanpeki,Kanpeki,Unclassified,,,false,none,2026-09-09T2105Z,2026-09-10T00:43:50+00:00
kara,Kara,Unclassified,,,false,none,2026-09-09T2105Z,2026-09-10T00:43:50+00:00
kaya,Kaya,Unclassified,,,false,none,2026-09-09T2105Z,2026-09-10T00:43:50+00:00
kazima,Kazima,Unclassified,,,false,none,2026-09-09T2105Z,2026-09-10T00:43:50+00:00
keokarpin,Keo Karpin,Unclassified,,,false,none,2026-09-09T2105Z,2026-09-10T00:43:50+00:00
keraminoelementprofessional,Keramino Element.Professional,Unclassified,,,false,none,2026-09-09T2105Z,2026-09-10T00:43:50+00:00
keyasetharomatherapy,Keya Seth Aromatherapy,Unclassified,,,false,none,2026-09-09T2105Z,2026-09-10T10:05:05+00:00
kidology,Kidology,Unclassified,,,false,none,2026-09-09T2105Z,2026-09-10T00:43:50+00:00
kimayra,Kimayra,Unclassified,,,false,none,2026-09-09T2105Z,2026-09-10T00:43:50+00:00
kinded,Kinded,Unclassified,,,false,none,2026-09-09T2105Z,2026-09-10T00:43:50+00:00
kiro,KIRO,Unclassified,,,false,none,2026-09-09T2105Z,2026-09-10T10:05:05+00:00
kisou,Kisou,Unclassified,,,false,none,2026-09-09T2105Z,2026-09-10T10:05:05+00:00
kledia,Kledia,Unclassified,,,false,none,2026-09-09T2105Z,2026-09-10T00:43:50+00:00
kloy,KLOY,Unclassified,,,false,none,2026-09-09T2105Z,2026-09-10T00:43:50+00:00
kokebana,Kokebana,Unclassified,,,false,none,2026-09-09T2105Z,2026-09-10T00:43:50+00:00
kostilla,Kostilla,Unclassified,,,false,none,2026-09-09T2105Z,2026-09-10T00:43:50+00:00
kozicare,Kozicare,Unclassified,,,false,none,2026-09-09T2105Z,2026-09-10T00:43:50+00:00
kressa,Kressa,Unclassified,,,false,none,2026-09-09T2105Z,2026-09-10T00:43:50+00:00
krishnasherbalayurveda,Krishna's Herbal & Ayurveda,Unclassified,,,false,none,2026-09-09T2105Z,2026-09-10T00:43:50+00:00
kurvi,Kurvi,Unclassified,,,false,none,2026-09-09T2105Z,2026-09-10T00:43:50+00:00
loccitane,L'Occitane,Unclassified,,,false,none,2026-09-09T2105Z,2026-09-10T00:43:50+00:00
lagirl,L.A. Girl,Unclassified,,,false,none,2026-09-09T2105Z,2026-09-10T00:43:50+00:00
lapink,La Pink,Unclassified,,,false,none,2026-09-09T2105Z,2026-09-10T00:43:50+00:00
lashield,La Shield,Unclassified,,,false,none,2026-09-09T2044Z,2026-09-09T20:44:39+00:00
lactocalamine,Lacto Calamine,Unclassified,,,false,none,2026-09-09T2105Z,2026-09-10T00:43:50+00:00
ladyfashion,Lady Fashion,Unclassified,,,false,none,2026-09-09T2105Z,2026-09-10T00:43:50+00:00
lamel,LAMEL,Unclassified,,,false,none,2026-09-09T2105Z,2026-09-10T00:43:50+00:00
lazer,Lazer,Unclassified,,,false,none,2026-09-09T2105Z,2026-09-10T00:43:50+00:00
leal,Leal,Unclassified,,,false,none,2026-09-09T2105Z,2026-09-10T00:43:50+00:00
lightup,Light Up,Unclassified,,,false,none,2026-09-09T2105Z,2026-09-10T00:43:50+00:00
limnbeauty,LIMN Beauty,Unclassified,,,false,none,2026-09-09T2105Z,2026-09-10T00:43:50+00:00
liquations,Liquations,Unclassified,,,false,none,2026-09-09T2105Z,2026-09-10T00:43:50+00:00
livi,Livi,Unclassified,,,false,none,2026-09-09T2105Z,2026-09-10T00:43:50+00:00
livskin,Livskin,Unclassified,,,false,none,2026-09-09T2105Z,2026-09-10T00:43:50+00:00
liyarabeauty,Liyara Beauty,Unclassified,,,false,none,2026-09-09T2105Z,2026-09-10T00:43:50+00:00
loveearth,Love Earth,Unclassified,,,false,none,2026-09-09T2044Z,2026-09-09T20:44:39+00:00
lovetc,Lovetc,Unclassified,,,false,none,2026-09-09T2105Z,2026-09-10T00:43:50+00:00
lumaya,Lumaya,Unclassified,,,false,none,2026-09-09T2105Z,2026-09-10T00:43:50+00:00
lushr,LUSHR,Unclassified,,,false,none,2026-09-09T2105Z,2026-09-10T00:43:50+00:00
maharishiayurveda,MAHARISHI ayurveda,Unclassified,,,false,none,2026-09-09T2105Z,2026-09-10T00:43:50+00:00
mahidasons,Mahida & Sons,Unclassified,,,false,none,2026-09-09T2105Z,2026-09-10T00:43:50+00:00
majestique,Majestique,Unclassified,,,false,none,2026-09-09T2105Z,2026-09-10T00:43:50+00:00
makeuprevolution,Makeup Revolution,Unclassified,,,false,none,2026-09-09T2105Z,2026-09-10T00:43:50+00:00
mancode,Mancode,Unclassified,,,false,none,2026-09-09T2105Z,2026-09-10T00:43:50+00:00
mannlich,Mannlich,Unclassified,,,false,none,2026-09-09T2105Z,2026-09-10T00:43:50+00:00
marsallime,Marsallime,Unclassified,,,false,none,2026-09-09T2105Z,2026-09-10T00:43:50+00:00
maryjok,Mary Jo K,Unclassified,,,false,none,2026-09-09T2105Z,2026-09-10T00:43:50+00:00
masaami,Masaami,Unclassified,,,false,none,2026-09-09T2105Z,2026-09-10T00:43:50+00:00
matra,Matra,Unclassified,,,false,none,2026-09-09T2105Z,2026-09-10T00:43:50+00:00
matri,Matri,Unclassified,,,false,none,2026-09-09T2105Z,2026-09-10T00:43:50+00:00
meant,Meant,Unclassified,,,false,none,2026-09-09T2105Z,2026-09-10T00:43:50+00:00
mellow,Mellow,Unclassified,,,false,none,2026-09-09T2105Z,2026-09-10T10:05:05+00:00
meraki,Meraki,Unclassified,,,false,none,2026-09-09T2105Z,2026-09-10T00:43:50+00:00
midazzle,Midazzle,Unclassified,,,false,none,2026-09-09T2105Z,2026-09-10T00:43:50+00:00
miduty,Miduty,Unclassified,,,false,none,2026-09-09T2105Z,2026-09-10T00:43:50+00:00
mightytheory,Mighty Theory,Unclassified,,,false,none,2026-09-09T2105Z,2026-09-10T00:43:50+00:00
milabeaut,Mila Beauté,Unclassified,,,false,none,2026-09-09T2044Z,2026-09-09T20:44:39+00:00
minature,Minature,Unclassified,,,false,none,2026-09-09T2105Z,2026-09-10T00:43:50+00:00
mireu,MIREU,Unclassified,,,false,none,2026-09-09T2105Z,2026-09-10T00:43:50+00:00
missnails,Miss Nails,Unclassified,,,false,none,2026-09-09T2105Z,2026-09-10T00:43:50+00:00
mitchellusa,Mitchell USA,Unclassified,,,false,none,2026-09-09T2105Z,2026-09-10T00:43:50+00:00
mivaa,mivaa,Unclassified,,,false,none,2026-09-09T2105Z,2026-09-10T00:43:50+00:00
moiste,Moiste,Unclassified,,,false,none,2026-09-09T2105Z,2026-09-10T00:43:50+00:00
moiz,Moiz,Unclassified,,,false,none,2026-09-09T2105Z,2026-09-10T10:05:05+00:00
molecularcompany,Molecular Company,Unclassified,,,false,none,2026-09-09T2105Z,2026-09-10T00:43:50+00:00
momstherapy,Mom’s Therapy,Unclassified,,,false,none,2026-09-09T2105Z,2026-09-10T00:43:50+00:00
moody,Moody,Unclassified,,,false,none,2026-09-09T2105Z,2026-09-10T00:43:50+00:00
mrmerchant,Mr. Merchant,Unclassified,,,false,none,2026-09-09T2105Z,2026-09-10T00:43:50+00:00
msmagicsecret,Ms Magic Secret,Unclassified,,,false,none,2026-09-09T2105Z,2026-09-10T00:43:50+00:00
multani,Multani,Unclassified,,,false,none,2026-09-09T2105Z,2026-09-10T00:43:50+00:00
multibrite,Multibrite,Unclassified,,,false,none,2026-09-09T2105Z,2026-09-10T00:43:50+00:00
mutateskincare,Mutate Skincare,Unclassified,,,false,none,2026-09-09T2105Z,2026-09-10T00:43:50+00:00
muuchstac,Muuchstac,Unclassified,,,false,none,2026-09-09T2105Z,2026-09-10T00:43:50+00:00
mygreenspace,My Green Space,Unclassified,,,false,none,2026-09-09T2105Z,2026-09-10T00:43:50+00:00
mysouladultstore,My Soul Adult Store,Unclassified,,,false,none,2026-09-09T2105Z,2026-09-10T00:43:50+00:00
myglamm,Myglamm,Unclassified,,,false,none,2026-09-09T2105Z,2026-09-10T00:43:50+00:00
mysticmuse,Mysticmuse,Unclassified,,,false,none,2026-09-09T2105Z,2026-09-10T00:43:50+00:00
mystiqliving,Mystiq Living,Unclassified,,,false,none,2026-09-09T2105Z,2026-09-10T00:43:50+00:00
myupcharayurveda,Myupchar Ayurveda,Unclassified,,,false,none,2026-09-09T2105Z,2026-09-10T00:43:50+00:00
nailknack,Nail Knack,Unclassified,,,false,none,2026-09-09T2105Z,2026-09-10T00:43:50+00:00
nailinit,Nailinit,Unclassified,,,false,none,2026-09-09T2105Z,2026-09-10T00:43:50+00:00
nathabit,Nat Habit,Unclassified,,,false,none,2026-09-09T2105Z,2026-09-10T00:43:50+00:00
naturenuskha,Nature Nuskha,Unclassified,,,false,none,2026-09-09T2105Z,2026-09-10T10:05:05+00:00
naturevit,Nature Vit,Unclassified,,,false,none,2026-09-09T2105Z,2026-09-10T00:43:50+00:00
neateveryday,Neateveryday,Unclassified,,,false,none,2026-09-09T2105Z,2026-09-10T00:43:50+00:00
nerahskin,Nerah Skin,Unclassified,,,false,none,2026-09-09T2105Z,2026-09-10T00:43:50+00:00
neutriderm,Neutriderm,Unclassified,,,false,none,2026-09-09T2105Z,2026-09-10T00:43:50+00:00
nidhiiskincare,Nidhii Skincare,Unclassified,,,false,none,2026-09-09T2105Z,2026-09-10T00:43:50+00:00
noorskincare,Noor Skincare,Unclassified,,,false,none,2026-09-09T2105Z,2026-09-10T00:43:50+00:00
novabloom,Novabloom,Unclassified,,,false,none,2026-09-09T2105Z,2026-09-10T00:43:50+00:00
novology,Novology,Unclassified,,,false,none,2026-09-09T2105Z,2026-09-10T00:43:50+00:00
noy,NOY,Unclassified,,,false,none,2026-09-09T2105Z,2026-09-10T00:43:50+00:00
nua,Nua,Unclassified,,,false,none,2026-09-09T2105Z,2026-09-10T00:43:50+00:00
nubilous,Nubilous,Unclassified,,,false,none,2026-09-09T2105Z,2026-09-10T00:43:50+00:00
nuskhebyparas,Nuskhe By Paras,Unclassified,,,false,none,2026-09-09T2105Z,2026-09-10T00:43:50+00:00
nutrilin,Nutrilin,Unclassified,,,false,none,2026-09-09T2105Z,2026-09-10T00:43:50+00:00
opi,O.P.I,Unclassified,,,false,none,2026-09-09T2105Z,2026-09-10T00:43:50+00:00
odeon,Odeon,Unclassified,,,false,none,2026-09-09T2105Z,2026-09-10T00:43:50+00:00
ojivani,Ojivani,Unclassified,,,false,none,2026-09-09T2105Z,2026-09-10T00:43:50+00:00
olivallen,Olivallen,Unclassified,,,false,none,2026-09-09T2105Z,2026-09-10T10:05:05+00:00
onewish,One Wish,Unclassified,,,false,none,2026-09-09T2105Z,2026-09-10T00:43:50+00:00
onewayhappiness,Oneway Happiness,Unclassified,,,false,none,2026-09-09T2105Z,2026-09-10T00:43:50+00:00
organicbox,Organic Box,Unclassified,,,false,none,2026-09-09T2105Z,2026-09-10T00:43:50+00:00
organicharvest,Organic Harvest,Unclassified,,,false,none,2026-09-09T2105Z,2026-09-10T00:43:50+00:00
orgatre,Orgatre,Unclassified,,,false,none,2026-09-09T2105Z,2026-09-10T00:43:50+00:00
orimii,Orimii,Unclassified,,,false,none,2026-09-09T2105Z,2026-09-10T00:43:50+00:00
orum,ORUM,Unclassified,,,false,none,2026-09-09T2105Z,2026-09-10T00:43:50+00:00
osheaherbals,Oshea Herbals,Unclassified,,,false,none,2026-09-09T2105Z,2026-09-10T00:43:50+00:00
ourherb,OurHerb,Unclassified,,,false,none,2026-09-09T2105Z,2026-09-10T00:43:50+00:00
oxyglowherbals,OxyGlow Herbals,Unclassified,,,false,none,2026-09-09T2105Z,2026-09-10T00:43:50+00:00
oxylife,OxyLife,Unclassified,,,false,none,2026-09-09T2105Z,2026-09-10T00:43:50+00:00
oytra,Oytra,Unclassified,,,false,none,2026-09-09T2105Z,2026-09-10T00:43:50+00:00
ozone,Ozone,Unclassified,,,false,none,2026-09-09T2105Z,2026-09-10T00:43:50+00:00
pac,PAC,Unclassified,,,false,none,2026-09-09T2105Z,2026-09-10T00:43:50+00:00
panash,Panash,Unclassified,,,false,none,2026-09-09T2105Z,2026-09-10T10:05:05+00:00
paramparaayurved,Parampara Ayurved,Unclassified,,,false,none,2026-09-09T2105Z,2026-09-10T10:05:05+00:00
parasoft,Parasoft,Unclassified,,,false,none,2026-09-09T2105Z,2026-09-10T00:43:50+00:00
parulgarg,Parul Garg,Unclassified,,,false,none,2026-09-09T2105Z,2026-09-10T00:43:50+00:00
pepnails,Pep Nails,Unclassified,,,false,none,2026-09-09T2105Z,2026-09-10T00:43:50+00:00
pepvelle,Pepvelle,Unclassified,,,false,none,2026-09-09T2105Z,2026-09-10T00:43:50+00:00
personaltouchskincare,Personal Touch Skincare,Unclassified,,,false,none,2026-09-09T2105Z,2026-09-10T00:43:50+00:00
phd,PHD,Unclassified,,,false,none,2026-09-09T2105Z,2026-09-10T00:43:50+00:00
phool,Phool,Unclassified,,,false,none,2026-09-09T2105Z,2026-09-10T10:05:05+00:00
plix,Plix,Unclassified,,,false,none,2026-09-09T2044Z,2026-09-09T20:44:39+00:00
plumbodylovin,Plum BodyLovin',Unclassified,,,false,none,2026-09-09T2105Z,2026-09-10T00:43:50+00:00
plungeskincare,Plunge Skincare,Unclassified,,,false,none,2026-09-09T2105Z,2026-09-10T00:43:50+00:00
plush,Plush,Unclassified,,,false,none,2026-09-09T2105Z,2026-09-10T00:43:50+00:00
polyfix,Polyfix,Unclassified,,,false,none,2026-09-09T2105Z,2026-09-10T10:05:05+00:00
pradnyaluxe,Pradnya Luxe,Unclassified,,,false,none,2026-09-09T2105Z,2026-09-10T00:43:50+00:00
prakritivibes,Prakriti Vibes,Unclassified,,,false,none,2026-09-09T2105Z,2026-09-10T00:43:50+00:00
primepick,Prime Pick,Unclassified,,,false,none,2026-09-09T2105Z,2026-09-10T10:05:05+00:00
prolume,Prolume,Unclassified,,,false,none,2026-09-09T2105Z,2026-09-10T00:43:50+00:00
protouch,Protouch,Unclassified,,,false,none,2026-09-09T2105Z,2026-09-10T00:43:50+00:00
puramio,Puramio,Unclassified,,,false,none,2026-09-09T2105Z,2026-09-10T00:43:50+00:00
pureinnateorganic,Pure Innate Organic,Unclassified,,,false,none,2026-09-09T2105Z,2026-09-10T10:05:05+00:00
pureorigin,Pure Origin,Unclassified,,,false,none,2026-09-09T2105Z,2026-09-10T00:43:50+00:00
purerootsherbals,Pure Roots Herbals,Unclassified,,,false,none,2026-09-09T2105Z,2026-09-10T00:43:50+00:00
pureflowtape,PureFlowTape,Unclassified,,,false,none,2026-09-09T2105Z,2026-09-10T00:43:50+00:00
purepik,Purepik,Unclassified,,,false,none,2026-09-09T2105Z,2026-09-10T00:43:50+00:00
pyoura,Pyoura,Unclassified,,,false,none,2026-09-09T2105Z,2026-09-10T00:43:50+00:00
qtways,Qtways,Unclassified,,,false,none,2026-09-09T2105Z,2026-09-10T00:43:50+00:00
quench,Quench,Unclassified,,,false,none,2026-09-09T2105Z,2026-09-10T00:43:50+00:00
raagaprofessional,Raaga Professional,Unclassified,,,false,none,2026-09-09T2105Z,2026-09-10T00:43:50+00:00
raissa,Raissa,Unclassified,,,false,none,2026-09-09T2105Z,2026-09-10T00:43:50+00:00
rarechemistry,Rare Chemistry,Unclassified,,,false,none,2026-09-09T2105Z,2026-09-10T10:05:05+00:00
rasluxuryskincare,RAS Luxury Skincare,Unclassified,,,false,none,2026-09-09T2105Z,2026-09-10T00:43:50+00:00
rawalchemy,Raw Alchemy,Unclassified,,,false,none,2026-09-09T2105Z,2026-09-10T00:43:50+00:00
rawrx,RAWRX,Unclassified,,,false,none,2026-09-09T2105Z,2026-09-10T00:43:50+00:00
rawtatva,Rawtatva,Unclassified,,,false,none,2026-09-09T2105Z,2026-09-10T10:05:05+00:00
rayofsunshinerosbeauty,Ray of Sunshine- ROS Beauty,Unclassified,,,false,none,2026-09-09T2105Z,2026-09-10T00:43:50+00:00
recode,Recode,Unclassified,,,false,none,2026-09-09T2105Z,2026-09-10T00:43:50+00:00
reeq,ReeQ,Unclassified,,,false,none,2026-09-09T2105Z,2026-09-10T00:43:50+00:00
regaliz,Regaliz,Unclassified,,,false,none,2026-09-09T2105Z,2026-09-10T00:43:50+00:00
reginaldmen,Reginald Men,Unclassified,,,false,none,2026-09-09T2105Z,2026-09-10T00:43:50+00:00
reynaturals,Rey Naturals,Unclassified,,,false,none,2026-09-09T2105Z,2026-09-10T00:43:50+00:00
ricekraft,Ricekraft,Unclassified,,,false,none,2026-09-09T2105Z,2026-09-10T00:43:50+00:00
richelon,Richelon,Unclassified,,,false,none,2026-09-09T2105Z,2026-09-10T00:43:50+00:00
richfeel,Richfeel,Unclassified,,,false,none,2026-09-09T2105Z,2026-09-10T00:43:50+00:00
riquenza,riquenza,Unclassified,,,false,none,2026-09-09T2105Z,2026-09-10T00:43:50+00:00
ronzille,Ronzille,Unclassified,,,false,none,2026-09-09T2105Z,2026-09-10T00:43:50+00:00
rubysorganics,Ruby's Organics,Unclassified,,,false,none,2026-09-09T2105Z,2026-09-10T00:43:50+00:00
rusticart,Rustic Art,Unclassified,,,false,none,2026-09-09T2105Z,2026-09-10T00:43:50+00:00
sadhevayurveda,Sadhev Ayurveda,Unclassified,,,false,none,2026-09-09T2105Z,2026-09-10T00:43:50+00:00
saffrn,Saffr'n,Unclassified,,,false,none,2026-09-09T2105Z,2026-09-10T00:43:50+00:00
samisha,Samisha,Unclassified,,,false,none,2026-09-09T2105Z,2026-09-10T00:43:50+00:00
sammmm,Sammmm,Unclassified,,,false,none,2026-09-09T2105Z,2026-09-10T00:43:50+00:00
satyaaveda,SatyaaVeda,Unclassified,,,false,none,2026-09-09T2105Z,2026-09-10T00:43:50+00:00
satyam,Satyam,Unclassified,,,false,none,2026-09-09T2105Z,2026-09-10T00:43:50+00:00
seekcaus,Seekcaus,Unclassified,,,false,none,2026-09-09T2105Z,2026-09-10T00:43:50+00:00
seore,SEORE,Unclassified,,,false,none,2026-09-09T2105Z,2026-09-10T00:43:50+00:00
seoulskin,Seoulskin,Unclassified,,,false,none,2026-09-09T2105Z,2026-09-10T00:43:50+00:00
seranatural,Sera Natural,Unclassified,,,false,none,2026-09-09T2105Z,2026-09-10T00:43:50+00:00
sereko,Sereko,Unclassified,,,false,none,2026-09-09T2105Z,2026-09-10T00:43:50+00:00
sevenseas,Seven Seas,Unclassified,,,false,none,2026-09-09T2105Z,2026-09-10T10:05:05+00:00
sexsea,Sexsea,Unclassified,,,false,none,2026-09-09T2105Z,2026-09-10T00:43:50+00:00
shanya,Shanya,Unclassified,,,false,none,2026-09-09T2105Z,2026-09-10T00:43:50+00:00
shatchakra,Shatchakra,Unclassified,,,false,none,2026-09-09T2105Z,2026-09-10T00:43:50+00:00
sheeras,Sheeras,Unclassified,,,false,none,2026-09-09T2105Z,2026-09-10T00:43:50+00:00
shillsprofessional,Shills Professional,Unclassified,,,false,none,2026-09-09T2105Z,2026-09-10T00:43:50+00:00
shopaarel,Shopaarel,Unclassified,,,false,none,2026-09-09T2105Z,2026-09-10T00:43:50+00:00
showsha,Showsha,Unclassified,,,false,none,2026-09-09T2105Z,2026-09-10T00:43:50+00:00
shreedelight,Shree Delight,Unclassified,,,false,none,2026-09-09T2105Z,2026-09-10T00:43:50+00:00
shryoan,Shryoan,Unclassified,,,false,none,2026-09-09T2105Z,2026-09-10T00:43:50+00:00
simplynam,Simply Nam,Unclassified,,,false,none,2026-09-09T2105Z,2026-09-10T00:43:50+00:00
sixamglow,Sixam Glow,Unclassified,,,false,none,2026-09-09T2105Z,2026-09-10T00:43:50+00:00
skinfx,SkinFx,Unclassified,,,false,none,2026-09-09T2105Z,2026-09-10T00:43:50+00:00
skininspired,SkinInspired,Unclassified,,,false,none,2026-09-09T2044Z,2026-09-09T20:44:39+00:00
skinq,SkinQ,Unclassified,,,false,none,2026-09-09T2105Z,2026-09-10T00:43:50+00:00
skinside,SkinSide,Unclassified,,,false,none,2026-09-09T2105Z,2026-09-10T00:43:50+00:00
skinvest,Skinvest,Unclassified,,,false,none,2026-09-09T2105Z,2026-09-10T00:43:50+00:00
skuviz,Skuviz,Unclassified,,,false,none,2026-09-09T2105Z,2026-09-10T00:43:50+00:00
slovic,Slovic,Unclassified,,,false,none,2026-09-09T2105Z,2026-09-10T10:05:05+00:00
smartandhandsome,Smart and Handsome,Unclassified,,,false,none,2026-09-09T2105Z,2026-09-10T00:43:50+00:00
sneira,Sneira,Unclassified,,,false,none,2026-09-09T2105Z,2026-09-10T00:43:50+00:00
sogno,Sogno,Unclassified,,,false,none,2026-09-09T2105Z,2026-09-10T10:05:05+00:00
sohrai,Sohrai,Unclassified,,,false,none,2026-09-09T2105Z,2026-09-10T10:05:05+00:00
somanaturals,Soma Naturals,Unclassified,,,false,none,2026-09-09T2105Z,2026-09-10T00:43:50+00:00
sotrue,Sotrue,Unclassified,,,false,none,2026-09-09T2105Z,2026-09-10T00:43:50+00:00
soulstories,Soul Stories,Unclassified,,,false,none,2026-09-09T2105Z,2026-09-10T00:43:50+00:00
sparkolite,Sparkolite,Unclassified,,,false,none,2026-09-09T2105Z,2026-09-10T00:43:50+00:00
spekta,Spekta,Unclassified,,,false,none,2026-09-09T2105Z,2026-09-10T10:05:05+00:00
sposito,Sposito,Unclassified,,,false,none,2026-09-09T2105Z,2026-09-10T00:43:50+00:00
springh2o,Spring H2o,Unclassified,,,false,none,2026-09-09T2105Z,2026-09-10T00:43:50+00:00
ssunsu,Ssunsu,Unclassified,,,false,none,2026-09-09T2105Z,2026-09-10T00:43:50+00:00
stdvence,St. D'Vence,Unclassified,,,false,none,2026-09-09T2105Z,2026-09-10T00:43:50+00:00
stbotanica,St.Botanica,Unclassified,,,false,none,2026-09-09T2105Z,2026-09-10T10:05:05+00:00
staze,Staze,Unclassified,,,false,none,2026-09-09T2044Z,2026-09-09T20:44:39+00:00
sugandaskincare,Suganda Skincare,Unclassified,,,false,none,2026-09-09T2105Z,2026-09-10T10:05:05+00:00
sunmd,SunMD,Unclassified,,,false,none,2026-09-09T2105Z,2026-09-10T00:43:50+00:00
supskin,Supskin,Unclassified,,,false,none,2026-09-09T2105Z,2026-09-10T00:43:50+00:00
suroskie,Suroskie,Unclassified,,,false,none,2026-09-09T2105Z,2026-09-10T00:43:50+00:00
suyuindia,Suyu India,Unclassified,,,false,none,2026-09-09T2105Z,2026-09-10T10:05:05+00:00
tac,TAC,Unclassified,,,false,none,2026-09-09T2105Z,2026-09-10T00:43:50+00:00
take2,Take 2,Unclassified,,,false,none,2026-09-09T2105Z,2026-09-10T00:43:50+00:00
tattvalogy,Tattvalogy,Unclassified,,,false,none,2026-09-09T2105Z,2026-09-10T00:43:50+00:00
terrai,Terrai,Unclassified,,,false,none,2026-09-09T2105Z,2026-09-10T00:43:50+00:00
thebarebar,The Bare Bar,Unclassified,,,false,none,2026-09-09T2105Z,2026-09-10T00:43:50+00:00
thebeautyboxx,The Beauty boxx,Unclassified,,,false,none,2026-09-09T2105Z,2026-09-10T00:43:50+00:00
thecrazybeard,The Crazy Beard,Unclassified,,,false,none,2026-09-09T2105Z,2026-09-10T00:43:50+00:00
thegranules,The Granules,Unclassified,,,false,none,2026-09-09T2105Z,2026-09-10T00:43:50+00:00
themancompany,The Man Company,Unclassified,,,false,none,2026-09-09T2105Z,2026-09-10T00:43:50+00:00
thenailfactory,The Nail Factory,Unclassified,,,false,none,2026-09-09T2105Z,2026-09-10T00:43:50+00:00
theoldnatural,The Old Natural,Unclassified,,,false,none,2026-09-09T2105Z,2026-09-10T00:43:50+00:00
thepinkfoundry,The Pink Foundry,Unclassified,,,false,none,2026-09-09T2105Z,2026-09-10T00:43:50+00:00
thesimplicist,The Simplicist,Unclassified,,,false,none,2026-09-09T2105Z,2026-09-10T00:43:50+00:00
theskindietcompany,The Skin Diet Company,Unclassified,,,false,none,2026-09-09T2105Z,2026-09-10T00:43:50+00:00
thetribeconcepts,The Tribe Concepts,Unclassified,,,false,none,2026-09-09T2105Z,2026-09-10T10:05:05+00:00
thewellnessshop,The Wellness Shop,Unclassified,,,false,none,2026-09-09T2105Z,2026-09-10T00:43:50+00:00
thevinegirl,TheVineGirl,Unclassified,,,false,none,2026-09-09T2105Z,2026-09-10T00:43:50+00:00
thriveco,ThriveCo,Unclassified,,,false,none,2026-09-09T2105Z,2026-09-10T00:43:50+00:00
tinttonic,Tint&Tonic,Unclassified,,,false,none,2026-09-09T2105Z,2026-09-10T00:43:50+00:00
tlc365,TLC365,Unclassified,,,false,none,2026-09-09T2105Z,2026-09-10T10:05:05+00:00
tlismi,Tlismi,Unclassified,,,false,none,2026-09-09T2105Z,2026-09-10T00:43:50+00:00
tnwthenaturalwash,TNW The Natural Wash,Unclassified,,,false,none,2026-09-09T2105Z,2026-09-10T00:43:50+00:00
totalroutineco,Total Routine Co,Unclassified,,,false,none,2026-09-09T2105Z,2026-09-10T00:43:50+00:00
truhairskin,Tru Hair & Skin,Unclassified,,,false,none,2026-09-09T2105Z,2026-09-10T00:43:50+00:00
truedune,Truedune,Unclassified,,,false,none,2026-09-09T2105Z,2026-09-10T00:43:50+00:00
turmeriq,Turmeriq,Unclassified,,,false,none,2026-09-09T2105Z,2026-09-10T00:43:50+00:00
tvishi,Tvishi,Unclassified,,,false,none,2026-09-09T2105Z,2026-09-10T10:05:05+00:00
twentyseven,Twenty Seven,Unclassified,,,false,none,2026-09-09T2105Z,2026-09-10T00:43:50+00:00
typebeauty,Type Beauty,Unclassified,,,false,none,2026-09-09T2105Z,2026-09-10T00:43:50+00:00
u16,U16,Unclassified,,,false,none,2026-09-09T2105Z,2026-09-10T10:05:05+00:00
underated,Underated,Unclassified,,,false,none,2026-09-09T2105Z,2026-09-10T00:43:50+00:00
unfltrd,unfltrd,Unclassified,,,false,none,2026-09-09T2105Z,2026-09-10T00:43:50+00:00
urbangabru,UrbanGabru,Unclassified,,,false,none,2026-09-09T2105Z,2026-09-10T00:43:50+00:00
urbanmooch,Urbanmooch,Unclassified,,,false,none,2026-09-09T2105Z,2026-09-10T00:43:50+00:00
vanauraorganics,Vanaura organics,Unclassified,,,false,none,2026-09-09T2105Z,2026-09-10T00:43:50+00:00
vega,Vega,Unclassified,,,false,none,2026-09-09T2105Z,2026-09-10T00:43:50+00:00
vembley,Vembley,Unclassified,,,false,none,2026-09-09T2105Z,2026-09-10T00:43:50+00:00
veraku,Veraku,Unclassified,,,false,none,2026-09-09T2105Z,2026-09-10T00:43:50+00:00
verymiss,Verymiss,Unclassified,,,false,none,2026-09-09T2105Z,2026-09-10T00:43:50+00:00
viash,Viash,Unclassified,,,false,none,2026-09-09T2105Z,2026-09-10T00:43:50+00:00
victoriassecret,Victoria's Secret,Unclassified,,,false,none,2026-09-09T2105Z,2026-09-10T00:43:50+00:00
vitchic,Vit & Chic,Unclassified,,,false,none,2026-09-09T2105Z,2026-09-10T00:43:50+00:00
vitalogy,Vitalogy,Unclassified,,,false,none,2026-09-09T2105Z,2026-09-10T00:43:50+00:00
vitawave,Vitawave,Unclassified,,,false,none,2026-09-09T2105Z,2026-09-10T00:43:50+00:00
vivaglam,Viva Glam,Unclassified,,,false,none,2026-09-09T2105Z,2026-09-10T00:43:50+00:00
voiish,Voiish,Unclassified,,,false,none,2026-09-09T2105Z,2026-09-10T00:43:50+00:00
wazdorf,Wazdorf,Unclassified,,,false,none,2026-09-09T2105Z,2026-09-10T00:43:50+00:00
wbcworldbeautycare,WBC WorldBeautyCare,Unclassified,,,false,none,2026-09-09T2105Z,2026-09-10T00:43:50+00:00
wellwith,Wellwith,Unclassified,,,false,none,2026-09-09T2105Z,2026-09-10T00:43:50+00:00
whimsy,Whimsy,Unclassified,,,false,none,2026-09-09T2105Z,2026-09-10T00:43:50+00:00
whitetone,White Tone,Unclassified,,,false,none,2026-09-09T2105Z,2026-09-10T00:43:50+00:00
wildoak,Wild Oak,Unclassified,,,false,none,2026-09-09T2105Z,2026-09-10T00:43:50+00:00
wildorganic,Wild Organic,Unclassified,,,false,none,2026-09-09T2105Z,2026-09-10T00:43:50+00:00
wildflowernaturals,Wildflower Naturals,Unclassified,,,false,none,2026-09-09T2105Z,2026-09-10T00:43:50+00:00
wildglow,Wildglow,Unclassified,,,false,none,2026-09-09T2105Z,2026-09-10T00:43:50+00:00
wineglo,Wine Glo,Unclassified,,,false,none,2026-09-09T2105Z,2026-09-10T00:43:50+00:00
wipness,Wipness,Unclassified,,,false,none,2026-09-09T2105Z,2026-09-10T00:43:50+00:00
wishcare,WishCare,Unclassified,,,false,none,2026-09-09T2044Z,2026-09-09T20:44:39+00:00
wowletgifts,Wowlet Gifts,Unclassified,,,false,none,2026-09-09T2105Z,2026-09-10T00:43:50+00:00
yuriwoori,Yuri Woori,Unclassified,,,false,none,2026-09-09T2105Z,2026-09-10T10:05:05+00:00
zeelabpharmacy,Zeelab Pharmacy,Unclassified,,,false,none,2026-09-09T2105Z,2026-09-10T00:43:50+00:00
zoivane,Zoivane,Unclassified,,,false,none,2026-09-09T2105Z,2026-09-10T00:43:50+00:00
